<?xml version='1.0' encoding='utf-8' standalone='yes' ?>
<map>
    <boolean name="65565" value="false" />
    <int name="65564" value="50" />
    <int name="65567" value="3" />
    <boolean name="65569" value="false" />
    <int name="65568" value="3" />
    <boolean name="65603" value="false" />
    <boolean name="65574" value="true" />
    <int name="65573" value="4" />
    <int name="65576" value="35" />
    <string name="65575">0</string>
    <int name="65611" value="100" />
    <boolean name="65578" value="true" />
    <boolean name="65610" value="false" />
    <int name="65612" value="100" />
    <string name="65579">2</string>
    <boolean name="65538" value="true" />
    <boolean name="65614" value="true" />
    <int name="65617" value="20" />
    <boolean name="65616" value="true" />
    <int name="65619" value="50" />
    <boolean name="65618" value="true" />
    <boolean name="65583" value="false" />
    <boolean name="65584" value="false" />
    <int name="65587" value="50" />
    <boolean name="65620" value="true" />
    <int name="65586" value="11" />
    <int name="65622" value="80" />
    <int name="65588" value="5" />
    <boolean name="65544" value="false" />
    <int name="65624" value="100" />
    <string name="65547">SAMSUNG EP-390.vdc</string>
    <int name="65623" value="100" />
    <boolean name="65546" value="true" />
    <boolean name="65626" value="true" />
    <int name="65625" value="50" />
    <boolean name="65548" value="false" />
    <boolean name="65581" value="false" />
    <boolean name="36868" value="true" />
    <int name="65580" value="1" />
    <string name="65552">4.5;4.5;2.75;0.0;0.0;0.0;0.0;2.234661;4.630682;7.2335844</string>
    <boolean name="65551" value="true" />
    <boolean name="65553" value="false" />
    <int name="65555" value="5" />
    <int name="65558" value="4" />
    <boolean name="65557" value="false" />
    <boolean name="65559" value="false" />
    <int name="65549;65550" value="10" />
    <string name="65540;65541;65542">Sony Xperia Clearbass.irs</string>
    <int name="32775" value="1" />
    <string name="65570;65571;65572">100;5600;40;80;50;50</string>
</map>
